{
  "search": {
    "precision": 1.0,
    "recall": 0.4375,
    "f1-score": 0.6086956521739131,
    "support": 16,
    "confused_with": {}
  },
  "micro avg": {
    "precision": 1.0,
    "recall": 0.4375,
    "f1-score": 0.6086956521739131,
    "support": 16
  },
  "macro avg": {
    "precision": 1.0,
    "recall": 0.4375,
    "f1-score": 0.6086956521739131,
    "support": 16
  },
  "weighted avg": {
    "precision": 1.0,
    "recall": 0.4375,
    "f1-score": 0.6086956521739131,
    "support": 16
  }
}